<wpml-config>
    <custom-fields>
        <custom-field action="copy">edd_video</custom-field>
        <custom-field action="copy">edd_demo</custom-field>
    </custom-fields>
    <admin-texts>
        <key name="theme_mods_marketify" />
    </admin-texts>
    <language-switcher-settings>
        <key name="icl_lang_sel_config">
            <key name="font-current-normal">#444444</key>
            <key name="font-current-hover">#000000</key>
            <key name="background-current-normal">#ffffff</key>
            <key name="background-current-hover">#eeeeee</key>
            <key name="font-other-normal">#444444</key>
            <key name="font-other-hover">#000000</key>
            <key name="background-other-normal">#ffffff</key>
            <key name="background-other-hover">#eeeeee</key>
            <key name="border">#cdcdcd</key>
        </key>
        <key name="icl_lang_sel_footer_config">
            <key name="font-current-normal">#333333</key>
            <key name="font-current-hover">#000000</key>
            <key name="background-current-normal">transparent</key>
            <key name="background-current-hover">transparent</key>
            <key name="font-other-normal">#333333</key>
            <key name="font-other-hover">#000000</key>
            <key name="background-other-normal">transparent</key>
            <key name="background-other-hover">transparent</key>
            <key name="border">transparent</key>
            <key name="background">transparent</key>
        </key>    
        <key name="icl_language_switcher_sidebar">1</key>
        <key name="icl_widget_title_show">1</key>
        <key name="icl_lang_sel_type">dropdown</key>
        <key name="icl_lso_link_empty">0</key>
        <key name="icl_lso_flags">1</key>
        <key name="icl_lso_native_lang">1</key>
        <key name="icl_lso_display_lang">0</key>
        <key name="icl_lang_sel_footer">0</key>
        <key name="icl_post_availability">0</key>
        <key name="icl_post_availability_position">below</key>
        <key name="icl_post_availability_text">This post is also available in: %s</key>
        <key name="icl_additional_css">.widget #lang_sel_click { margin: 0 0 40px; }</key>
    </language-switcher-settings>
</wpml-config>