{"1":{"input_type":"text","template":"first_name","required":"yes","label":"First Name","name":"first_name","is_meta":"yes","help":"","css":"","placeholder":"","default":"","size":"40"},"2":{"input_type":"text","template":"last_name","required":"yes","label":"Last Name","name":"last_name","is_meta":"yes","help":"","css":"","placeholder":"","default":"","size":"40"},"3":{"input_type":"email","template":"user_email","required":"yes","label":"Email","name":"user_email","is_meta":"no","help":"","css":"","placeholder":"","default":"","size":"40"},"4":{"input_type":"text","template":"text","required":"yes","label":"Subject","name":"subject","is_meta":"no","help":"","css":"","placeholder":"","default":"","size":"40"},"5":{"input_type":"textarea","template":"textarea","required":"yes","label":"Message","name":"message","is_meta":"no","help":"","css":"","placeholder":"","default":"","size":"40"},"6":{"input_type":"recaptcha","template":"recaptcha","label":""}}