{"1":{"input_type":"text","template":"user_login","required":"yes","label":"Username","name":"user_login","is_meta":"yes","size":40,"help":"","css":"","placeholder":"","default":""},"2":{"input_type":"password","template":"password","required":"yes","label":"Password","name":"password","is_meta":"yes","size":"40","min_length":"6","repeat_pass":"no","help":"","css":"","placeholder":"","default":""},"3":{"input_type":"radio","template":"radio_field","required":"yes","label":"Login as a","is_meta":"no","name":"fes_login_radio_button","css":"fes_login_radio_button","selected":"Vendor","options":["Vendor","Customer"],"help":"","placeholder":"","default":""},"4":{"input_type":"recaptcha","template":"recaptcha","label":""}}