[{"input_type":"text","template":"text_field","required":"yes","label":"Name of Store","name":"name_of_store","is_meta":"yes","help":"What would you like your store to be called?","css":"","placeholder":"","default":"","size":"40"},{"input_type":"email","template":"email_address","required":"yes","label":"Email to use for Contact Form","name":"email_to_use_for_contact_form","is_meta":"yes","help":"This email, if filled in, will be used for the vendor contact forms. If it is not filled in, the one from your user profile will be used.","css":"","placeholder":"","default":"","size":"40"}]