{"1":{"input_type":"text","template":"first_name","required":"yes","label":"First Name","name":"first_name","is_meta":"yes","help":"","css":"","placeholder":"","default":"","size":"40"},"2":{"input_type":"text","template":"last_name","required":"yes","label":"Last Name","name":"last_name","is_meta":"yes","help":"","css":"","placeholder":"","default":"","size":"40"},"3":{"input_type":"email","template":"user_email","required":"yes","label":"Email","name":"user_email","is_meta":"yes","help":"","css":"","placeholder":"","default":"","size":"40"},"4":{"input_type":"text","template":"user_login","required":"yes","label":"Username","name":"user_login","is_meta":"yes","help":"","css":"","placeholder":"","default":"","size":"40"},"5":{"input_type":"password","template":"password","required":"yes","label":"Password","name":"password","is_meta":"yes","help":"","css":"","placeholder":"","default":"","size":"40","min_length":"6","repeat_pass":"no"},"6":{"input_type":"text","template":"display_name","required":"yes","label":"Display Name","name":"display_name","is_meta":"yes","help":"","css":"","placeholder":"","default":"","size":"40"}}